-- MySQL dump 10.13  Distrib 8.0.18, for Win64 (x86_64)
--
-- Host: localhost    Database: uptask_mvc
-- ------------------------------------------------------
-- Server version	8.0.40

/*!40101 SET @OLD_CHARACTER_SET_CLIENT=@@CHARACTER_SET_CLIENT */;
/*!40101 SET @OLD_CHARACTER_SET_RESULTS=@@CHARACTER_SET_RESULTS */;
/*!40101 SET @OLD_COLLATION_CONNECTION=@@COLLATION_CONNECTION */;
/*!50503 SET NAMES utf8mb4 */;
/*!40103 SET @OLD_TIME_ZONE=@@TIME_ZONE */;
/*!40103 SET TIME_ZONE='+00:00' */;
/*!40014 SET @OLD_UNIQUE_CHECKS=@@UNIQUE_CHECKS, UNIQUE_CHECKS=0 */;
/*!40014 SET @OLD_FOREIGN_KEY_CHECKS=@@FOREIGN_KEY_CHECKS, FOREIGN_KEY_CHECKS=0 */;
/*!40101 SET @OLD_SQL_MODE=@@SQL_MODE, SQL_MODE='NO_AUTO_VALUE_ON_ZERO' */;
/*!40111 SET @OLD_SQL_NOTES=@@SQL_NOTES, SQL_NOTES=0 */;

--
-- Table structure for table `proyectos`
--

DROP TABLE IF EXISTS `proyectos`;
/*!40101 SET @saved_cs_client     = @@character_set_client */;
/*!50503 SET character_set_client = utf8mb4 */;
CREATE TABLE `proyectos` (
  `id` int NOT NULL AUTO_INCREMENT,
  `proyecto` varchar(60) CHARACTER SET utf8mb3 COLLATE utf8mb3_unicode_ci DEFAULT NULL,
  `url` varchar(32) CHARACTER SET utf8mb3 COLLATE utf8mb3_unicode_ci DEFAULT NULL,
  `propietarioId` int DEFAULT NULL,
  PRIMARY KEY (`id`),
  KEY `propietarioid` (`propietarioId`),
  CONSTRAINT `proyectos_ibfk_1` FOREIGN KEY (`propietarioId`) REFERENCES `usuarios` (`id`) ON DELETE SET NULL ON UPDATE SET NULL
) ENGINE=InnoDB AUTO_INCREMENT=6 DEFAULT CHARSET=utf8mb4 COLLATE=utf8mb4_0900_ai_ci;
/*!40101 SET character_set_client = @saved_cs_client */;

--
-- Dumping data for table `proyectos`
--

LOCK TABLES `proyectos` WRITE;
/*!40000 ALTER TABLE `proyectos` DISABLE KEYS */;
INSERT INTO `proyectos` VALUES (1,'Primer Proyecto','8c04acd55b9975f63fa1eefc8426bb61',11),(2,' Segundo proyecto','2e535b7dff234fde66d5fd13321625cd',11),(3,' Tercer proyecto','d76b34d513c505d680a843e3244438d2',11),(4,' Confirmada Primer Proyecto','b21dd81ef4ccffaff523f3bcba522e9d',14),(5,' Cuarto Proyecto','fbc3774481f3591848b0eb09f818411b',11);
/*!40000 ALTER TABLE `proyectos` ENABLE KEYS */;
UNLOCK TABLES;

--
-- Table structure for table `tareas`
--

DROP TABLE IF EXISTS `tareas`;
/*!40101 SET @saved_cs_client     = @@character_set_client */;
/*!50503 SET character_set_client = utf8mb4 */;
CREATE TABLE `tareas` (
  `id` int NOT NULL AUTO_INCREMENT,
  `nombre` varchar(60) CHARACTER SET utf8mb3 COLLATE utf8mb3_unicode_ci DEFAULT NULL,
  `estado` tinyint(1) DEFAULT NULL,
  `proyectoId` int DEFAULT NULL,
  UNIQUE KEY `id` (`id`),
  KEY `proyectoId` (`proyectoId`),
  CONSTRAINT `tareas_ibfk_1` FOREIGN KEY (`proyectoId`) REFERENCES `proyectos` (`id`) ON DELETE SET NULL ON UPDATE SET NULL
) ENGINE=InnoDB AUTO_INCREMENT=21 DEFAULT CHARSET=utf8mb4 COLLATE=utf8mb4_0900_ai_ci;
/*!40101 SET character_set_client = @saved_cs_client */;

--
-- Dumping data for table `tareas`
--

LOCK TABLES `tareas` WRITE;
/*!40000 ALTER TABLE `tareas` DISABLE KEYS */;
INSERT INTO `tareas` VALUES (1,' Primera tarea en el Primer Proyecto',0,1),(2,' Segunda tarea del Primer Proyecto',0,1),(3,' Tercera tarea del Primer Proyecto',0,1),(4,' Cuarta tarea del Primer Proyecto',0,1),(5,' Quinta tarea del Primer Proyecto',0,1),(6,' Primera tarea Confirmada Primer Proyecto',0,4),(7,' Segunda tarea Confirmada Primer Proyecto',0,4),(8,' Primera tarea en el Segundo Proyecto pepe',0,2),(9,' Segunda tarea en el Segundo Proyecto pepe',0,2),(10,' Segunda tarea en el Segundo Proyecto pepe',0,2),(11,' Tercera tarea en le Segundo Proyecto pepe',0,2),(12,' Primera Tarea del Tercer Proyecto pepe',0,3),(13,' Segunda tarea del Tercer Proyecto pepe',0,3),(14,' Tercera tarea del Tercer Proyecto pepe',0,3),(18,' Sexta tarea del Primer Proyecto',0,1),(19,' Séptima tarea del Primer Proyecto',0,1),(20,' Cuarta tarea del Tercer Proyecto pepe',0,3);
/*!40000 ALTER TABLE `tareas` ENABLE KEYS */;
UNLOCK TABLES;

--
-- Table structure for table `usuarios`
--

DROP TABLE IF EXISTS `usuarios`;
/*!40101 SET @saved_cs_client     = @@character_set_client */;
/*!50503 SET character_set_client = utf8mb4 */;
CREATE TABLE `usuarios` (
  `id` int NOT NULL AUTO_INCREMENT,
  `nombre` varchar(30) CHARACTER SET utf8mb3 COLLATE utf8mb3_unicode_ci DEFAULT NULL,
  `email` varchar(30) CHARACTER SET utf8mb3 COLLATE utf8mb3_unicode_ci DEFAULT NULL,
  `password` varchar(60) CHARACTER SET utf8mb3 COLLATE utf8mb3_unicode_ci DEFAULT NULL,
  `token` varchar(15) CHARACTER SET utf8mb3 COLLATE utf8mb3_unicode_ci DEFAULT NULL,
  `confirmado` tinyint(1) DEFAULT NULL,
  PRIMARY KEY (`id`)
) ENGINE=InnoDB AUTO_INCREMENT=15 DEFAULT CHARSET=utf8mb4 COLLATE=utf8mb4_0900_ai_ci;
/*!40101 SET character_set_client = @saved_cs_client */;

--
-- Dumping data for table `usuarios`
--

LOCK TABLES `usuarios` WRITE;
/*!40000 ALTER TABLE `usuarios` DISABLE KEYS */;
INSERT INTO `usuarios` VALUES (11,' pepe','pepe@pixal.es','$2y$10$b6G2VBvTqbmX44wVVp72Z.bS85w.teSGmBFcDN9i3Z8NdEGMPMyCW','',1),(13,' Sin confirmar','sin@confirmar.com','$2y$10$A2Ws5VWEGEhwBO03K4t3teShFPmR8GP6DbcmpwgcMt5bdHKe5PNaq','6803d7e0ed7db',0),(14,' Confirmada','cliente@confirmado.com','$2y$10$DfyCkDwGi5E8gJup.o3asenCE4Yg7xKcScUOY787UekgdQKhb6dvC','',1);
/*!40000 ALTER TABLE `usuarios` ENABLE KEYS */;
UNLOCK TABLES;

--
-- Dumping routines for database 'uptask_mvc'
--
/*!40103 SET TIME_ZONE=@OLD_TIME_ZONE */;

/*!40101 SET SQL_MODE=@OLD_SQL_MODE */;
/*!40014 SET FOREIGN_KEY_CHECKS=@OLD_FOREIGN_KEY_CHECKS */;
/*!40014 SET UNIQUE_CHECKS=@OLD_UNIQUE_CHECKS */;
/*!40101 SET CHARACTER_SET_CLIENT=@OLD_CHARACTER_SET_CLIENT */;
/*!40101 SET CHARACTER_SET_RESULTS=@OLD_CHARACTER_SET_RESULTS */;
/*!40101 SET COLLATION_CONNECTION=@OLD_COLLATION_CONNECTION */;
/*!40111 SET SQL_NOTES=@OLD_SQL_NOTES */;

-- Dump completed on 2025-05-02 13:39:37
